{"cameraMode":{"drawMode":0,"name":"Shaded","section":"Shading Mode"},"sceneLighting":true,"audioPlay":false,"sceneViewState":{"showFog":true,"showMaterialUpdate":false,"showSkybox":true,"showFlares":true,"showImageEffects":true,"showParticleSystems":true},"in2DMode":false,"pivot":{"x":28.221424102783204,"y":2.09375,"z":118.15962219238281},"rotation":{"x":0.0842290073633194,"y":-0.9156188368797302,"z":0.26914748549461367,"w":0.28654390573501589},"size":668.0906982421875,"orthographic":true}